Lines Decoded,Runtime
100,0.0027086734771728516
1000,0.017591476440429688
2000,0.017444849014282227
3000,0.04553842544555664
4000,0.05532693862915039
5000,0.07259750366210938
6000,0.07907938957214355
7000,0.0910329818725586
8000,0.11181378364562988
9000,0.12224006652832031
10000,0.14342999458312988

