Lines Encoded,Runtime
100,0.03946661949157715
1000,0.06052994728088379
2000,0.09023070335388184
3000,0.1000375747680664
4000,0.09700989723205566
5000,0.10892820358276367
6000,0.14026331901550293
7000,0.16207671165466309
8000,0.1567089557647705
9000,0.17420077323913574
10000,0.15476250648498535

